chapter_id	entry_id	meaning	Mundurukú_Phonemic	comment
1	100	world	ibi; i-pi	
1	210	earth, land	iʔ-pi; i-pi	Kuruáya dialect is ipi. Cf. *Tupí-G 01.212.; Kuruáya dialect is ipi. Cf. *Tupí-G 01.212.
1	212	earth=ground, soil	iʔ-pi	Cf. *Tupí-G.
1	213	dust	ka-diŋ; kawi-diŋ	-diŋ is a classifier for smoke-like things. See 'smoke' 01.830.; -diŋ is a classifier for smoke-like things. See 'smoke' 01.830.
1	214	mud	kaerep	
1	215	sand	ka-ʔo-ri-rit	Cf. 'ashes' 01.840.
1	220	mountain, hill	čo-ʔa	
1	222	cliff, precipice	aki	(?)
1	250	island	tipʔaweroro	Cf. *Tupí-G.
1	270	shore	ka-ʔo-ri-rit	
1	280	cave	ipi-kɨ̃y	Lit. 'earth-hole'12.850.
1	310	water	i-di-bi	Also means 'river' 01.360. -di is a classifier, means 'liquid', as in yɨk-pi-di 'dysentery' (lit. 'belly-inside/pain-liquid'). See 'medicine' 04.880. Cf. *Tupí-G.
1	320	sea	t-i-boɲ-ati; t-i-boŋ-at-ti	Also i-di-šidi.; Also i-di-šidi.
1	350	wave	-di-kopek	Lit. 'liquid-?'.
1	360	river, stream, brook	i-di-bi	Also means 'water' 01.310. -di is 'liquid'.
1	380	swamp	i-o-di	
1	410	woods, forest	kadaidaidaʔibit	away-dip is 'jungle'. Cf. *Tupí-G. (?)
1	420	tree (cf 08.600)	-ʔip	Used as a classifier. Also tɨmɨnʔipʔip; yop. Kuruáya dialect is (ʔ)ib. Cf. *Tupí-G.
1	430	wood	-ʔip	Also means 'tree'. Used as a classifier, as in piŋa-ʔip 'fishing pole'; [rapi]ʔip 'pencil' (from Port. 'lapis'); 'banana tree' 08.840.
1	440	stone, rock	wita-ʔa	See 'head' 04.200. Kuruáya dialect is wita-(ʔ)a. Cf. *Tupí-G.
1	510	sky	kaʔ-bi; ka-bi	
1	520	sun	ka-ši	Also ka-ši-e-pi-at. Kuruáya dialect is ka-ǰi. Cf. *Tupí-G.
1	530	moon	ka-ši; ka-ši-a-ʔat	Kuruáya dialect is waǰi. Cf. *Tupí-G.; Kuruáya dialect is waǰi. Cf. *Tupí-G.
1	540	star	ka-sop-ta	Classifier -da means 'seed, eye'.
1	550	lightning	ǰe-širirik-šiririŋ	Reduplication with homoganic nasal.
1	590	rainbow	kabikodepɨ	
1	610	light (noun)	imɨ-kabia-ham; kabia	
1	620	darkness	i-ok	Also means 'black' 15.650.
1	630	shade, shadow	kabičɨk	
1	720	wind	ka-bi-do	Kuruáya dialect is kabɨdu. See 'breath' 04.510. Cf. *Tupí-G.
1	730	cloud	ka-bi-kere-reat	Also kabido-diŋ, with classifier -diŋ, for smoke-like things. See 'smoke' 01.830.
1	740	fog	ka-bi-diŋ	-diŋ is a classifier for smoke-like things. See 'smoke' 01.830.
1	750	rain (noun)	mɨ-ba-ʔat	
1	770	ice	želo-ʔa	From Port. 'gêlo'.
1	810	fire	d-aša	Also means 'firewood' 01.880. Kuruáya dialect is aša. Cf. *Tupí-G.
1	830	smoke (noun)	daša-diɲ; -diŋ	Also tɨ-mɨ̃n-tiŋ-tiŋ. šidiɲ yoyoy means to smoke a rubber ball. -diŋ is a classifier for smoke-like things, as in fog 01.740; 'dust' 01.213; 'cloud' 01.730. Kuruáya dialect is tiŋ. Cf. *Tupí-G.; Also tɨ-mɨ̃n-tiŋ-tiŋ. šidiɲ yoyoy means to smoke a rubber ball. -diŋ is a classifier for smoke-like things, as in fog 01.740; 'dust' 01.213; 'cloud' 01.730. Kuruáya dialect is tiŋ. Cf. *Tupí-G.
1	840	ashes	ka-ba-ʔo-rit	Cf. 'sand' 01.215.
1	852	burn (vb intrans)	i-pik	Cf. *Tupí-G. 01.851.
1	860	light, kindle, ignite	isop	
1	880	firewood	d-aša	Also means 'fire' 01.810.
2	100	person, human being	wɨ̃y-ǰɨ-yɨ̃	Cf. 'body' 04.110; 'we inclusive' 02.941.
2	210	man (vs. woman)	a-ɲo-kat-kat	
2	220	woman	a-yat-at	
2	250	boy	a-ɲo-kat-kat-ʔit-ʔit	Lit. 'man-diminutive'.
2	251	young man (adolescent)	yaypanʔisɨat	
2	260	girl	a-yat-at-ʔit-ʔit	Lit. 'woman-diminutive'.
2	270	child	be-kit-at	
2	280	infant, baby	ãwã	
2	310	husband	-t-op; -ktop	Kuruáya dialect is up, also means 'father'. Cf. *Tupí-G. 'father' 02.350.; Kuruáya dialect is up, also means 'father'. Cf. *Tupí-G. 'father' 02.350.
2	320	wife	-t-ay-ši	
2	350	father	bay	
2	360	mother	-ši	Kuruáya dialect is ǰi. Cf. *Tupí-G.
2	410	son	ʔit	Of a woman. Cf. *Tupí-G.
2	440	brother	kipit	Of a woman. Cf. Tupí-G.
2	455	younger sister	kibit; kipit	Of a woman. Cf. *Tupí-G.; Of a woman. Cf. *Tupí-G.
2	460	grandfather	aǰoǰot; aǰotʔa	
2	461	old man	aypa	
2	470	grandmother	awawa; aǰɨ̃ɲ-ǰɨ̃ɲ	
2	471	old woman	yabɨt	
2	910	I	õn	
2	920	you (singular)	ẽn; e-	Kuruáya dialect forms are ɛ; ɛn. Cf. *Tupí-G.; Kuruáya dialect forms are ɛ; ɛn. Cf. *Tupí-G.
2	930	he/she/it	iše; ite; ibo; iǰa; iǰop; iɲo	Cf. *Tupí-G.; Cf. *Tupí-G.; Cf. *Tupí-G.; Cf. *Tupí-G.; Cf. *Tupí-G.; Cf. *Tupí-G.
2	941	we (inclusive)	wɨy-ǰɨ	Cf. 'person' 02.100. Kuruáya dialect is wei-.
2	942	we (exclusive)	oče-ǰɨ	Kuruáya dialect is ote. Cf. *Tupí-G.
2	950	you (plural)	ey-ǰɨ	Kuruáya dialect is ei-. Cf. *Tupí-G.
2	960	they	iše-yɨ̃; ite-yɨ̃	Also ibo-yɨ̃; iǰa-yɨ̃; iǰop-yɨ̃; iɲo-yɨ̃.; Also ibo-yɨ̃; iǰa-yɨ̃; iǰop-yɨ̃; iɲo-yɨ̃.
3	110	animal	tɨ-mɨ̃n	'Domestic animal' is wɨ̃n-ča; a 'hunt animal' is ibɨt.
3	230	cow	biopak ayačat	Lit. '? female'.
3	250	sheep	mẽmẽiat	
3	340	sow (2)	ǰekadai daidadam	
3	350	pig	daǰe	
3	520	cock, rooster	sapokay aɲokat-kat	Lit. '? male-'
3	540	hen	sapokay ayačat	Lit. '? female'.
3	550	chicken	sapokay yaypapɨ̃ɲat	
3	580	nest	wasɨ̃ -dopi	Lit. 'bird ?'.
3	581	bird	wasɨ̃-yɨ̃; wãsɨ̃	
3	585	hawk	powat-powat	
3	586	vulture	oropo	Kuruáya dialect is urupu. Cf. *Tupí-G.
3	591	bat	mɨreo-dɨp	-dɨp is a classifier for leaf-shaped things. See 'leaf' 08.560.
3	592	parrot	korɨ; aro	Kuruáya dialect is aru. Other varieties are ɨ̃rɨ̃; parawa; paro. Cf. *Tupí-G.; Kuruáya dialect is aru. Other varieties are ɨ̃rɨ̃; parawa; paro. Cf. *Tupí-G.
3	594	dove	pɨkaso	
3	596	owl	tok-tok-ʔa	-ʔa is a classifier, meaning 'head' 04.200.
3	610	dog	akɨriče; akiriče	
3	620	cat	pišaɲa	
3	630	mouse, rat	taɲe	
3	650	fish	ašima	
3	664	stingray	ĩwãp-tɨp	-dɨp is a classifier for leaf-shaped things. See 'leaf' 08.560.
3	750	deer	dapsem	Also i-ši-. Kuruáya dialect is i-ǰi. Cf. Tupí-G.
3	760	monkey	poyʔiayɨ̃; tawe	The latter is a black monkey. Also čošio, 'coxiu'; oroʔoro, 'guariba'; sɨ̃sɨ̃t, 'macaco soim'; deko, 'coatá'; karima, 'macaco de cheiro'.; The latter is a black monkey. Also čošio, 'coxiu'; oroʔoro, 'guariba'; sɨ̃sɨ̃t, 'macaco soim'; deko, 'coatá'; karima, 'macaco de cheiro'.
3	811	louse	kip	Kuruáya dialect is kib. Cf. *Tupí-G.
3	817	ant	daʔik	Cf. *Tupí-G.
3	818	spider	doa	
3	820	bee	iwak	
3	822	beehive	ato	
3	823	wasp	i-kopi	Cf. *Tupí-G.
3	840	worm	nasɨ̃ŋ-pɨ	
3	850	snake	pɨy-bɨ	-bɨ is a classifier, meaning finger-shaped; see 'finger' 04.340. Kuruáya dialect is pëy.
3	950	frog	mɨo; kore-kore	õɲõɲ is a 'large toad'.; õɲõɲ is a 'large toad'.
3	970	crocodile, alligator	apat	
4	110	body	wɨy-ǰebit	Cf. 'person' 02.100.
4	120	skin, hide	-še-ʔe	Used as a classifier.
4	140	hair (head)	ya-d-ap	Kuruáya dialect is ab. Cf. *Tupí-G.
4	142	beard	ibi-dap	ibi is 'mouth'.
4	150	blood	-d-oy	Kuruáya dialect is ui. Cf. *Tupí-G.
4	151	vein, artery	čekɨ̃rɨ̃rɨ̃k-pɨ	-pɨ ~ -bɨ is a classifier, meaning finger-shaped. See 'finger' 04.340.
4	160	bone	-dao	Also used as a classifier; see 'spine' 04.191.
4	162	rib	-k-ša-bi	
4	170	horn	-a-karã-sɨ̃	Cf. *Tupí-G.
4	180	tail	-d-oay-bɨ	Used as a classifier; see 'finger' 04.340. Cf. *Tupí-G.
4	191	spine	kopi; wɨy dao	-dao is also used as a classifier; see 'bone' 04.160. Cf. *Tupí-G 'spine' 04.191.; -dao is also used as a classifier; see 'bone' 04.160. Cf. *Tupí-G 'spine' 04.191.
4	200	head	yaʔa; ʔa	Also used as a classifier -ʔa; see 'round' 12.810. Also in 'stone' 01.440; 'owl' 03.596; 'potato' 05.700. Kuruáya dialect is (ʔ)a. Cf. Tupí-G.; Also used as a classifier -ʔa; see 'round' 12.810. Also in 'stone' 01.440; 'owl' 03.596; 'potato' 05.700. Kuruáya dialect is (ʔ)a. Cf. Tupí-G.
4	204	face	-d-opa	Used as a classifier. Kuruáya dialect is upa. Cf. *Tupí-G.
4	207	jaw	daǰe	
4	210	eye	i-ta	
4	214	eyelash	i-ta-ʔẽbi	
4	220	ear	-a-ɲɨy-bɨ	Also -ipɨk, a classifier meaning 'shaft, ear'. as in mɨra-ipɨk, 'ear of corn'.
4	230	nose	na-bɨ̃; tã-bɨ	Also used as a classifier for things with a nose-shape, i.e., 'point'. Cf. *Tupí-G.; Also used as a classifier for things with a nose-shape, i.e., 'point'. Cf. *Tupí-G.
4	240	mouth	i-bi	-bi is also a classifier, meaning 'opening'.
4	260	tongue	-kõ	Kuruáya dialect is kũ. Cf. *Tupí-G.
4	270	tooth	n-ɨ̃y	Kuruáya dialect is ãi. Cf. *Tupí-G.
4	280	neck	-a-ɲo-bɨ	
4	281	nape of neck	-ak-pida	
4	300	shoulder	yaʔõ-pi-ʔa	Lit. 'upper trunk-interior-round thing'.
4	310	arm	i-ba	-ba is also used as a suffix classifier, for things that have an arm-shape. See 'banana' 08.840; 'wing' 04.392. Cf. Tupi-G.
4	330	hand	i-bɨ-nɨ̃ʔa; -bɨ̃-rɨ̃-ʔa	Kuruáya dialect is bɨ.; Kuruáya dialect is bɨ.
4	340	finger	i-bɨ	Also used as a classifier, meaning finger-shaped, as in [arami]-bɨ 'wire', from Port. 'arame'. See 'snake' 03.850; 'vein' 04.151; 'tail' 04.180. Kuruáya dialect is bɨ 'hand'. Cf. *Tupí-G 'hand' 04.330.
4	344	fingernail	ibɨ-nɨ̃	
4	345	claw	-bɨ-nɨ	Also classifier -ɨ̃rɨ̃, means 'nail' or 'claw'.
4	350	leg	dao; tao	
4	360	knee	yɨ̃ɲ-ʔa; -ɨ̃ŋ-ʔa	Cf. *Tupí-G.; Cf. *Tupí-G.
4	370	foot	sui; -i	Latter also used as a classifier. Kuruáya dialect is i. Cf. *Tupí-G.; Latter also used as a classifier. Kuruáya dialect is i. Cf. *Tupí-G.
4	372	heel	ida	Cf. *Tupí-G.
4	374	footprint	ibɨt	Kuruáya dialect is ibɨd.
4	392	wing	č-eɲe-ba	
4	393	feather	d-ap; tap	Also used as a classifier for 'feather-like' things. Cf. *Tupí-G.; Also used as a classifier for 'feather-like' things. Cf. *Tupí-G.
4	400	chest	-kɨ̃m-pi	Kuruáya dialect is kam.
4	410	breast (of woman)	-kɨ̃m	Also used as a classifier. Kuruáya dialect is kam. Cf. *Tupí-G.
4	440	heart	-a-ʔõ-ša-bi-da	
4	450	liver	-i-p-sa; -k-sa	Cf. *Tupí-G.; Cf. *Tupí-G.
4	451	kidney	čekɨ̃rɨ̃rɨk-ta	With suffix classifier -ta, meaning 'seed, eye'. See 'star' 01.540.
4	460	stomach	i-ʔɨk	-ʔɨk also occurs as a classifier on hollow objects. See 'horn' 04.170.
4	461	intestines, guts	-nɨ̃n-pɨ; tɨ̃n-pɨ	Lit. 'dung-thin thing', with classifier -pɨ indicating a finger-shape. See 'finger' 04.340.; Lit. 'dung-thin thing', with classifier -pɨ indicating a finger-shape. See 'finger' 04.340.
4	464	buttocks	oay	
4	510	breathe, breath	ǰe-pido-wat-wan	Kuruáya dialect is bɨdu. See 'wind' 01.720. Cf. *Tupí-G.
4	560	spit	-bi-di	Lit. 'mouth-liquid'.
4	570	vomit	ǰedadadan	
4	580	bite	iaham	
4	610	sleep	šeše-n; i-šet; i-še	Kuruáya dialect is šɛd. Cf. *Tupí-G.; Kuruáya dialect is šɛd. Cf. *Tupí-G.; Kuruáya dialect is šɛd. Cf. *Tupí-G.
4	620	dream	ǰešey-šey	
4	630	wake up	ǰewɨrɨ̃ɲ	
4	650	urinate	iǰok-ǰok-ǰoɲ	
4	660	defecate	-nɨ̃n; tɨ̃n	Means 'dung'. Also used as a classifier. See 'intestines' 04.461.; Means 'dung'. Also used as a classifier. See 'intestines' 04.461.
4	690	bathe	aǰoɲ; aǰok	Kuruáya dialect is aduk. Cf. *Tupí-G.; Kuruáya dialect is aduk. Cf. *Tupí-G.
4	720	born (to be)	kam	
4	740	live, living, life	itaʔit	
4	750	die, dead	ǰeʔɨ̃ʔɨ̃m; ʔɨ̃	Also a-pap 'many people die'. Cf. *Tupí-G.; Also a-pap 'many people die'. Cf. *Tupí-G.
4	760	kill	yaokam; yaokakam	Kuruáya dialect is yauka-. Cf. *Tupí-G.; Kuruáya dialect is yauka-. Cf. *Tupí-G.
4	790	grave, tomb	wɨyǰɨyɨ̃ʔɨ̃mʔɨ̃m etaypi	
4	810	strong, mighty, powerful	ibača	
4	820	weak	ibača-ʔɨ̃m; iča ɲɨ	(?)
4	853	swelling	ieɨhɨ; ieɨ	
4	860	cure, heal	ohom	
4	880	medicine, drug	posɨ̃ŋ-ti	'Liquid medicine'; -di is 'liquid'; see 'water' 01.310.
4	890	poison	ipiat; tɨ̃ypiat	
4	912	rest	ǰebodoy-doy	
4	920	lazy	ibɨbɨʔɨʔɨ	
4	940	lame	čekɨkẽrẽat	
4	970	blind	ita-ʔɨ̃m	
5	110	eat	ǰe-kõn; iʔom	Also ǰekõn-kõn and iʔo-om. Kuruáya dialect is kõn; (ʔ)u 'to drink'. Cf. *Tupí-G 'swallow' 05.181.; Also ǰekõn-kõn and iʔo-om. Kuruáya dialect is kõn; (ʔ)u 'to drink'. Cf. *Tupí-G 'swallow' 05.181.
5	120	food	išat	Also pɨy-bit. Kuruáya dialect is buy-. Cf. *Tupí-G form.
5	122	raw	it	
5	123	ripe	rɨm	
5	124	green, unripe	-kit	Cf. *Tupí-G.
5	125	rotten	-kẽrẽ	Also -okok; -erep, referring to fruit. -ɲẽm refers to meat.
5	130	drink	iʔom; tikõn	Also tikõn-kõn. Kuruáya dialect is (ʔ)u. Cf. *Tupí-G 'eat' 05.110.; Also tikõn-kõn. Kuruáya dialect is (ʔ)u. Cf. *Tupí-G 'eat' 05.110.
5	140	hunger	ire	
5	150	thirst	ibipɨrɨk	
5	160	suck	diʔoʔm	Also imɨkonõm-konõm. 'To suckle' is imɨytitin; ǰetitin.
5	230	roast, fry	imɨ-karaw-karaw	Means 'toasting it'.
5	260	pot, cooking vessel	i-tĩŋ-ʔa	
5	280	pan	kaǰarãoʔa	
5	350	cup, drinking vessel	kapedi kõn-kõɲap	
5	380	knife (2)	kise; kisẽ	Cf. *Tupí-G.; Cf. *Tupí-G.
5	480	scrape	ikɨrɨsɨsɨ; ikorerem	Cf. *Tupí-G.; Cf. *Tupí-G.
5	530	dough	tõm; nõm	tɨ̃mɨ̃n-tõm-tõm refers to any dough; šĩn-tõm refers to flour dough; akoba-nõm refers to banana dough.; tɨ̃mɨ̃n-tõm-tõm refers to any dough; šĩn-tõm refers to flour dough; akoba-nõm refers to banana dough.
5	610	meat	-ẽn	Used as a classifier.
5	660	bean	pišãoda; kaǰɨ̃rɨ̃ba	
5	700	potato	wešik-ʔa	-ʔa is a classifier, meaning 'head' 04.200.
5	710	fruit	-ʔa; tɨ-mɨ̃n-ʔa-ʔa	-ʔa is a classifier, meaning 'head' 04.220. Kuruáya dialect is (ʔ)a. Cf. *Tupí-G.; -ʔa is a classifier, meaning 'head' 04.220. Kuruáya dialect is (ʔ)a. Cf. *Tupí-G.
5	760	grape	ɨva-ʔa	From Port. 'uva'.
5	770	nut	-ĩ	Used as a classifier.
5	791	grease, fat	i-šep	Kuruáya dialect is šep-. Cf. *Tupí-G.
5	810	salt	kawta	
5	840	honey	mɨɲẽɲẽm	Also eit. Kuruáya dialect is eid. Cf. *Tupí-G.
5	970	egg	-d-op-sa; t-op-sa	Kuruáya dialect is upia. Cf. *Tupí-G.; Kuruáya dialect is upia. Cf. *Tupí-G.
6	120	clothing, clothes	doti; say	
6	210	cloth	paɲo	From Port. 'pano'.
6	240	cotton	bõrõ-ʔip	Cf. 'thread' 06.380; 'tree' 08.840.
6	350	sew	i-inɨ̃m-nɨ̃m	
6	380	thread	bõrõ-bɨ	
6	420	woman's dress	wɨye-say	
6	460	skirt	say	
6	480	trousers	wɨy-doti	
6	730	ring (for finger)	pɨmɨ̃n	
6	770	earring	ɲɨybɨda	
7	110	dwell, live	-wat	Cf. *Tupí-G.
7	120	house	ɨk-ʔa; -dɨkʔa	Cf. *Tupí-G.; Cf. *Tupí-G.
7	130	hut	da-at	Means 'temporary shelter'. Cf. *Tupí-G 'village' 19.160.
7	220	door, gate	šĩntabi ikoče	
7	240	key	tomɨdipʔɨkʔɨkap	
7	370	ladder	wadaɲɲɨ̃n	
7	420	bed	šešečap	Cf. 'sleep' 04.610. 'Hammock (net)' is ɨ̃rɨ̃.
7	450	lamp, torch	lamparina	From Port. 'lampião'.
7	460	candle	sera-bɨ	From Port. 'cera' (wax).
8	120	field (for cultivation)	koɲɨ̃npi	Also classifier -dip indicates a field (cultivated or wild). Also kɨ, means 'clearing the ground'. Cf. *Tupí-G.
8	130	garden	kadai daidadaap	
8	160	fence	korara	To 'enclose' is imɨwedim.
8	220	dig	i-kɨ̃y-kotkon	Also ikotkon iǰoče. Cf. *Tupí-G.
8	240	shovel	šit	Cf. *Tupí-G.
8	311	seed	-da; ta	Also used as classifier for seed-shaped thing. Also means 'eye' 04.210.; Also used as classifier for seed-shaped thing. Also means 'eye' 04.210.
8	470	maize, corn	mɨra-da	
8	510	grass	kapĩ-i-dip	
8	540	root	-na-bɨ; ka-na-bɨ	Cf. *Tupí-G.; Cf. *Tupí-G.
8	550	branch	takɨ̃; taypa	
8	560	leaf	-d-ɨp	-dɨp is a classifier for things with a flat, leaf shape, e.g. wakĩrĩma-dɨp 'piraña fish'. See 'sting ray' 03.664; 'bat' 03.591; 'paper' 18.560. Kuruáya dialect is ëib. Cf. *Tupí-G.
8	570	flower	-dit; tit	Used as a classifier. Kuruáya dialect is tit. Cf. *Tupí-G.; Used as a classifier. Kuruáya dialect is tit. Cf. *Tupí-G.
8	680	tobacco	e	
8	690	smoke (tobacco)	e; ediɲ-ʔoʔom	Kuruáya dialect is e-. Cf. *Tupí-G.; Kuruáya dialect is e-. Cf. *Tupí-G.
8	750	bark	i-be; y-op-šee	Cf. *Tupí-G.; Cf. *Tupí-G.
8	840	banana tree	ako-ʔip	With classifier -ʔip, meaning 'wood, tree'. ako-ba is 'banana'. Cf. *Tupí-G.
8	910	sweet potato	wešik	Kuruáya dialect is weǰik. Cf. *Tupí-G.
8	920	tapioca, manioc, cassava	mɨsɨk-ta	mɨsɨk-tõm is 'manioc meal', with classifier -nõm ~ -tõm, meaning 'meal'. šĩnetãʔẽ is 'manioc tapioca'; šĩn-tõm is 'manioc gruel'.
8	930	gourd	waʔe	Means 'bottlegourd'. Kuruáya dialect is waɛ. Cf. *Tupí-G 'plate' 05.320.
8	941	sugar cane	kaɲa	
9	160	tie, bind	imɨkɨŋ-ɨkɨŋ	Also mɨ̃n; imɨ̃nmɨ̃n; imɨkirikkiriŋ. Cf. *Tupí-G.
9	161	untie	ǰeperem	
9	190	rope, cord	i-ši-bɨ; boro-bɨ	Also means 'thread' 06.380.; Also means 'thread' 06.380.
9	210	strike (hit, beat)	imɨpãm	Also imɨpãpãpãm.
9	220	cut	t-akat-kan	Cf. *Tupí-G.
9	222	chop, hew	imɨwekakam	
9	250	ax	o-ʔa	
9	260	break	ka	Cf. *Tupí-G.
9	261	broken	ibaɲ-baɲ	Cf. *Tupí-G.
9	280	tear	iwek-wek	
9	310	rub, wipe	imɨ-wesɨ-wesɨm	
9	330	pull	imɨpɨšik-pɨšiŋ	
9	343	squeeze, wring	iya-i-him	Reduplication of single V stem is -hVm.
9	360	wash	i-wɨy-wɨy	Cf. *Tupí-G.
9	460	bore	im-ɨtok-ɨtoɲ	Also ǰe-tok; mɨ-tok. Kuruáya dialect is na-tug. Cf. *Tupí-G.
9	500	nail	tapoa	
9	560	glue	mɨ̃n	Also išik. Cf. *Tupí-G.
9	880	paint (noun)	bara-rak	Kuruáya dialect is bara-rag. Cf. *Tupí-G.
10	120	turn over	šĩŋ-šĩŋ ǰepin	
10	130	turn around	yabitoro	
10	170	twist	pen	Cf. *Tupí-G 'braid' 06.921.
10	230	fall	ʔat-ʔan	Kuruáya dialect is (ʔ)ad. Cf. *Tupí-G.
10	250	throw	imɨ̃n-mɨ̃n	Cf. *Tupí-G.
10	330	sink	imɨakõm-kõm	(?)
10	340	float	-ǰe-bok-bok	Means 'was floating'.
10	350	swim	ǰedoɲ; ǰekodododon	Also ǰekodododon; ǰedoŋdoŋdoŋ.; Also ǰekodododon; ǰedoŋdoŋdoŋ.
10	370	fly (vb)	ǰepɨpɨpɨm	Cf. *Tupí-G 'float' 10.340.
10	380	blow	imɨpow-ɨpow	
10	410	creep, crawl	ǰewɨrɨrɨrɨɲ	
10	440	dance	daʔiʔim	
10	450	walk	šĩŋ-šĩŋ	Also ǰešĩŋšĩŋ; čɨ̃ŋčɨ̃ŋ and ekɨ, to compare with *Tupí-G.
10	451	limp	čekɨkẽrẽat	
10	470	go	čɨm; ǰɨ	Kuruáya dialect is ǰɨ; dɨ. 'To pass' is kap. Kuruáya kab. Cf. *Tupí-G.; Kuruáya dialect is ǰɨ; dɨ. 'To pass' is kap. Kuruáya kab. Cf. *Tupí-G.
10	472	climb	ǰe-ɨ-hɨm	Reduplication of single V stem is -hVm. Cf. Tupí-G.
10	474	go out	ǰẽm	Cf. *Tupí-Guaraní.
10	480	come	don; dodon; e-ǰot	Also e-ǰot; ot. Kuruáya dialect is ud. Cf. *Tupí-G.; Also e-ǰot; ot. Kuruáya dialect is ud. Cf. *Tupí-G.; Also e-ǰot; ot. Kuruáya dialect is ud. Cf. *Tupí-G.
10	481	come back	ǰepit	Cf. *Tupí-G.
10	490	go away, depart	ǰewemɨwẽnɨwẽn	Also ǰẽm; čẽm-čẽm; oʔǰẽm; i-wat. Cf. *Tupí-G.
10	520	follow	nomɨǰɨ	
10	550	reach, arrive	aǰẽm	Cf. *Tupí-G.
10	570	enter	õmõm	
10	610	carry (bear)	tɨǰowatwan	Also ikukuɲ.
10	620	bring	toǰon	
10	670	push, shove	imɨwɨn-ɨwɨn	
10	710	road	e	Kuruáya dialect is -ɛ. Cf. *Tupí-G.
10	720	path	e	Cf. *Tupí-G.
10	831	canoe	kobe	
10	852	row (vb)	koy-koy	
10	910	harbor, port	wɨ̃y	Kuruáya dialect is oaĩ; wãy. Cf. *Tupi-G.
11	110	have	ikɨɲ	
11	120	own, possess	ikɨɲ	i-wat means 'owner'. Cf. *Tupí-G.
11	130	take	ɨk	
11	140	seize, grasp	ǰat	
11	150	hold	ǰat; eǰoʔišik; čoʔi	The former means 'take hold of'. Cf. *Tupí-G.; The former means 'take hold of'. Cf. *Tupí-G.; The former means 'take hold of'. Cf. *Tupí-G.
11	160	get, obtain	bɨm	
11	180	thing	tɨmɨ̃n	
11	210	give	iɨ̃mɨ̃m	Cf. *Tupí-G.
11	310	seek, look for	ǰeakaɲ	
11	330	lose	opat	Cf. *Tupí-G.
11	430	money	ibɨbɨtpɨpɨap	
11	440	coin	diɲeiro isɨrɨ̃ɲat	From Port. 'dinheiro'.
11	510	rich	ibɨbɨt adeat	
11	650	pay (vb)	teidam	
11	810	buy	ibɨm	
11	840	merchant	tarek-rek ɨ̃mɨ̃mʔɨkat	
11	860	store, shop	tarek-rek mɨ̃nʔa	Also tarek-rek pɨpɨapʔa.
12	10	after	ɲɨyǰom	
12	50	inside, in	-pi	Used as a classifier. Kuruáya dialect is bɛ. Cf. *Tupí-G.
12	130	sit	šik-ʔi	Also abik. Kuruáya dialect is abig. Cf. *Tupí-G.
12	140	lie down	po-ʔi	
12	150	stand	čɨ̃ŋ-ʔi	Cf. 'straight' 12.730.
12	160	remain, stay	op	Cf. *Tupí-G 'to lie down' (?). Cf. 'arrow' 20.250 (?).
12	220	join, unite	imɨwebotbon	
12	230	separate	ǰekpiwan ma	
12	240	open	tomɨdipʔɨkʔɨk	Also ikoče.
12	260	cover	yaǰɨyǰɨy; aǰɨy	Cf. *Tupí-G.; Cf. *Tupí-G.
12	310	high	tao-beren	
12	410	right (side)	i-baʔat; wɨybaat	
12	420	left (side)	-baʔĩŋ; wɨybaʔɨ̃ɲat	
12	430	near (adv)	četẽɲ ma; češe	Also -ǰa sɨ̃n; -ǰa ɨ̃n ma.; Also -ǰa sɨ̃n; -ǰa ɨ̃n ma.
12	440	far (adv)	wɨ̃y	Cf. *Tupí-G.
12	450	east	kaši čẽm-čẽmatkadi	kaši is 'sun' 01.520.
12	550	large, big	-oboŋ; -boŋ	
12	560	small, little	-ĩtma; -istma	
12	570	long	-beren	
12	580	tall	-beren	Also ɨm 'very tall'. Cf. *Tupí-G 'stand' 12.150.
12	590	short	tao-apĩn	
12	610	wide, broad	i-erɨnboɲat	E.g. a 'board'. tiwãbɨboŋ refers to something as a 'river'; -põŋ-bõŋ as a 'dress'.
12	620	narrow	-erɨ̃nĩtma	E.g. a 'board'. tičɨ̃ŋ refers to something as a 'river'; -kɨŋ lɨŋ, as a 'dress'.
12	630	thick (in dimension)	-adišiŋ	
12	650	thin (in dimension)	-erɨ̃n	
12	730	straight	-čɨ̃ŋ	Cf. 'stand' 12.150.
12	810	round	-doy dey	E. g., a 'head'. arɨbɨ̃ŋ-bɨ̃ŋ refers to things such as a 'bucket'; awaketkɨt to a 'plate'. The suffixes ʔaʔa and ya are classifiers for 'round (objects)'. Cf. 'head' 04.200. Cf. *Tupí-G.
12	820	circle	-ko-ren-ren	Means 'encircling'.
12	850	hole	-kɨ̃y	Classifier meaning 'cavity', as in tɨ̃ykɨ̃y, 'tooth's cavity'. See 'cave' 01.280. Cf. *Tupí-G.
12	920	like, similar	bɨšim	
13	0	zero, nothing	kaʔɨ̃mɲɨ	
13	10	one	pɨ̃ŋ; pɨ̃ɲ; pɨ̃ɲ ma	
13	20	two	šep-šep	
13	30	three	e-ba-pɨ̃ŋ	
13	40	four	e-ba-dip-dip	
13	50	five	pɨ̃ŋ põŋ-bi; pɨ̃ɲ põɲbi	Cf. *Tupí-G.; Cf. *Tupí-G.
13	140	every, all	soat	
13	150	much, many	ade	
13	170	little (quantity), few	ade ɲɨ	
13	181	some	pɨ̃ŋ-pɨ̃ŋ	
13	210	full	topapɨ̃n; yanopapɨ̃n	
13	220	empty	yabibɨk; yɨkpibɨk	
13	330	alone, only	ǰaɲepɨ̃ɲ ma	
13	350	last	kanomɨ̃m	
14	130	new	i-isɨ	Cf. *Tupí-G.
14	150	old	i-okok; kɨyat	
14	210	swift, fast, quick	daosɨw-sɨw; dao ma	
14	240	retard, delay	ibɨn	
14	252	last, endure	ikoro	
14	310	always	soat em; ...ʔɨk	
14	410	day	ka-bi-a	
14	420	night	i-ši-ma	Cf. *Tupí-G.
14	480	tomorrow	kabia-ʔisɨm	
14	530	clock, timepiece	kašinɨ̃ɲ	
14	730	year	koato	Means 'winter'.
14	740	winter	ihi	
14	760	summer	koato	
15	210	smell (vb intrans)	iyõyõn; teʔo	
15	250	fragrant, good smelling	teʔo	
15	350	sweet	ikɨrɨ-kɨrɨ; yakɨrɨ-kɨrɨ	
15	380	acid, sour	yasak; tisak	
15	410	hear	yaʔĩǰoǰom	
15	420	listen	yaʔĩǰom	
15	510	see	i-ǰo-ǰom; ǰop	Cf. *Tupí-G *tsub 'visit'.; Cf. *Tupí-G *tsub 'visit'.
15	520	look, look at	ǰeakaɲ	
15	550	show	imɨbapɨɲ	
15	560	shine	isopsep	
15	570	bright	isopsep	
15	640	white	i-rɨt	
15	650	black	i-ok	Also means 'darkness' 01.620.
15	660	red	i-pak-pɨk; ipekpɨk	'Red' as with urucú dye. Reduplication with vowel change. Cf. 'yellow' 15.690.; 'Red' as with urucú dye. Reduplication with vowel change. Cf. 'yellow' 15.690.
15	670	blue	i-rem-rɨm	Reduplication with vowel change.
15	680	green	-rem-rɨm	
15	690	yellow	i-pekpɨk	
15	740	hard	iča; yača	
15	770	smooth	-korop; -sẽm	Cf. *Tupí-G.; Cf. *Tupí-G.
15	810	heavy	i-poši; ta-poši	Cf. *Tupí-G.; Cf. *Tupí-G.
15	820	light (in weight)	iyɨ	(?)
15	830	wet, damp	iši; -direm	
15	840	dry	t-iap	Refers to dampness of water. -pɨrɨk refers to 'dry' as in meat, etc.
15	850	hot	-d-ašip	Kuruáya dialect is akib. Cf. *Tupí-G.
15	851	warm	t-ašip; tidašip; kašiepi	Kuruáya dialect is akib.; Kuruáya dialect is akib.; Kuruáya dialect is akib.
15	860	cold	-čɨk	
15	870	clean	i-sɨp-sɨm -	Reduplication with homorganic nasal.
15	880	dirty, soiled	-okok	
16	230	joyful, glad, happy	i-čok-čok	
16	250	laugh	ǰeway-way-way	Kuruáya dialect is way. Cf. *Tupí-G *yay 'to mock'.
16	251	smile	ibideway	
16	260	play	kay-pat-pan	Also išikšiɲ ~ šik. Cf. *Tupí-G.
16	270	love	ǰɨy	Cf. *Tupí-G.
16	320	grief, sorrow, sadness	iɲɨ̃yčɨ̃ɲ	
16	370	cry, weep	wa; šikʔa	
16	380	tear (noun)	wɨyetadi	
16	410	hate	tep-tep	
16	420	anger	yɨkpičeɲe	Also itakoma.
16	530	fear, fright	iparara	
16	620	desire, want	kay	
16	660	true	ičemãn	
16	670	lie, tell lies	napapaʔɨkat; dapši	Cf. *Tupí-G.; Cf. *Tupí-G.
16	710	good	šipat	
16	720	bad	šipat ɲɨ	Lit. 'good ?'.
16	810	beautiful	idip	
17	130	think (= reflect)	ǰewaɨ̃yɲɨy	
17	170	know	itaybit; wetaybit	
17	180	seem	ǰebapɨk	Cf. Guaraní.
17	220	foolish, stupid	itaybitʔɨ̃m	
17	320	forget	yaɲɨybaʔɨ̃m	
17	360	secret	yaʔõbidadadam	
17	370	sure, certain	čedaɲ ma	Also -čɨ̃ŋ.
17	420	cause	mɨ-	
17	560	no, negative	ka-ʔɨ̃m-ma; ʔɨ̃m	Kuruáya dialect is -(ʔ)um. Cf. *Tupí-G.; Kuruáya dialect is -(ʔ)um. Cf. *Tupí-G.
17	610	how?	apẽn	
17	650	when?	pɨǰe	
17	680	who?	abɨ	Kuruáya dialect is abui. Cf. *Tupí-G.
18	110	voice	yaʔõ	Also means 'language' 18.240. Also used as a classifier -aʔõ.
18	120	sing	ǰebibododon	
18	210	speak, talk	ǰededem; ǰekawẽn-wẽn	
18	220	say	ʔe	Cf. *Tupí-G.
18	221	tell story	kawẽn	
18	240	language	yaʔõ	
18	280	name	i-bɨ-tet	
18	520	read	taperadɨp čočom	
18	560	paper	papera-dɨp	From Port. 'papel'. -dɨp is a classifier for leaf-shaped things. See 'leaf' 08.560.
18	570	pen	rapi-ʔip	Means 'pencil', from Port. 'lápis', with classifier -ʔip, meaning 'wood, tree' 01.430.
18	730	horn, trumpet	i-bɨbɨt-ʔɨk	Means 'hunting horn'. -ʔɨk is a classifier used for hollow objects.
19	110	country	ipi	Also means 'world' 01.100.
19	250	staff, walking stick	ʔip	Also means 'wood' 01.430.
19	320	king, ruler	iečɨɲap	
19	460	obey	kɨ̃yǰobit yaʔõ-kay	Cf. 'language' 18.240.
20	110	fight (vb)	ǰewešikšiɲ	Also ǰewaʔokakam.
20	170	soldier	sorara	From Port. 'soldado'.
20	240	bow	darɨk	
20	250	arrow	op	Kuruáya dialect is oub; uib. Cf. *Tupí-G.
20	610	hunt	ǰe-orok-oroŋ	
21	160	judge (vb)	yɨkpiwat tekɨ iʔeʔem	
21	520	thief	ibɨkɨrɨkat	
22	130	temple, church	Deɨs tɨkʔa	
